codigo;descripcion;capitulo;seccion;uEspecialista;uAyudantes;uAnestesista;cantidadAyudantes;total;notas
00.00.01;COMPLEJIDAD 1;00;;80;;;;;
00.00.02;COMPLEJIDAD 2;00;;160;40;;1;2068.8;01
00.00.03;COMPLEJIDAD 3;00;;250;62.5;;1;;
00.00.04;COMPLEJIDAD 4;00;;500;125;;2;;
00.00.05;COMPLEJIDAD 5;00;;800;200;;2;;
00.00.06;COMPLEJIDAD 6;00;;1000;250;;2;;
00.00.07;COMPLEGIDAD 7;00;;1400;350;;2;;
00.01.01;ESTUDIOS DE PRIMERA VES;00;;1;;;;51.72;01
00.01.02;CONTROLES TERAPEUTICOS;00;;1;;;;51.72;01
00.01.03;EST.POST.PARA AMPLIAR DETERMINACIONES O PRECISAR DIAG.;00;;1;;;;51.72;01
00.01.04;EVAL.INICIAL DE LEUCEMIA AGUDA O CRONICA, SINDR.MIELOPR;00;;1;;;;51.72;01
00.02.01;VALORACION CITOHEMAT.P/TECNICA DE MAY GRUNWALD GIEMSA;00;;1;;;;51.72;01
00.03.01;PRUEVAS CITOQUIMICAS ESPECIFICAS;00;;1;;;;51.72;01
00.03.02;ESTUDIO DE LEUCEMIAS,LINFOMAS,MARCADORES TUMORALES EN S;00;;1;;;;51.72;01
00.04.01;SESION DE TRATAMIENTO ONCOLOGICO;00;;1;;;;51.72;01
00.04.02;ADMINISTRACIÓN DE MEDIC.ONCOL.Y/O COMPL.DE RESCATE;00;;1;;;;51.72;01
00.04.03;SESION DE TRATAMIENTO ONCOLOGICO CON PACIENTE INTERNADO;00;;1;;;;51.72;01
00.04.04;QUIMIOTERAPIA POR VIA ORAL;00;;1;;;;51.72;01
00.05.01;TRANSFUSION DE SANGRE;00;;1;;;;51.72;01
00.05.02;COMPATIBILIZACION TRANSFUSIONAL PREQUIRURGICA;00;;1;;;;51.72;01
00.05.03;SEROLOGIA EN RECEPTOR;00;;1;;;;51.72;01
00.05.04;GRUPO SANGUINEO ABO Y FACTOR RH;00;;1;;;;51.72;01
00.05.05;AFERESIS POR SEPARACION ELECTRONICA;00;;1;;;;51.72;01
00.05.06;SANGRIA TERAPEUTICA;00;;1;;;;51.72;01
00.06.01;PUNCION ASPIRATIVA;00;;1;;;;51.72;01
00.06.02;TOMA DE MATERIAL OSEO PARA ESTUDIO HISTOLOGICO;00;;1;;;;51.72;01
00.06.03;PUNCION TRANSABDOMINAL CON AGUJA FINA;00;;1;;;;51.72;01
00.06.04;OBTENCION DIRECTA DEL MATERIAL P/PUNCION C/AGUJA FI NA;00;;1;;;;51.72;01
00.06.05;ACCESO AL ESPACIO TUMORAL;00;;1;;;;51.72;01
01.00.00;GRUPO "A" 1 MODULO NEUROQUIRURGICO;01;;36;;;;;31
01.00.02;GRUPO "A"2 MODULO NEUROQUIRURGICO;01;;90;;;;;31
01.00.03;GRUPO "A" 3 MODULO NEUROQUIRURGICO;01;;135;;;;;31
01.00.04;GRUPO "B" 1 MODULO NEUROQUIRURGICO;01;;156;;;;;31
01.00.05;GRUPO "B" 2 MODULO NEUROQUIRURGICO;01;;288;;;;;31
01.00.06;GRUPO "C" MODULO NEUROQUIRURGICO;01;;504;;;;;31
01.00.07;GRUPO "D" MODULO NEUROQUIRURGICO;01;;630;;;;;31
01.00.08;GRUPO "D" 1 MODULO NEUROQUIRURGICO;01;;810;;;;;31
01.01.01;TRATAMIENTO QUIRURGICO DEL ENCEFALOMENINGOCELE (CRANEO;01;;531.75;106.5;;2;57564.8;02
01.01.02;TRATAMIENTO QUIRURGICO DE LA CRANEOSTENOSIS. EN U;01;;478.5;95.25;;2;49004.2;02
01.01.03;CRANEOPLASTIAS CON INJERTO OSEO O PROTESICAS. INCL;01;;478.5;95.25;;2;51114.6;02
01.01.04;REDUCCION ABIERTA DE FRACTURAS DE CRANEO CON ELEVACION;01;;252.75;51;;2;32909.4;02
01.01.05;ESCISION DE LESION TUMORAL, INFECCIOSA, PARASITARIA, ET;01;;228;45;;2;23147.5;02
01.01.06;DESCOMPRESION ORBITARIA UNILATERAL.;01;;531.75;106.5;;2;1.02;02
01.02.01;VENTRICULOCISTERNOSTOMIAS (APERTURA DE LAS LAMINAS TERM;01;;637.5;127.5;;2;65206.5;02
01.02.02;DERIVACION VENTRICULOAURICULA DERECHA -VENTRICULOATRIOS;01;;372.75;74.25;;2;41784.6;02
01.02.03;REVISION DE VALVULAS DERIVATIVAS O RESTITUCION PARCIAL;01;;252.75;51;;2;32909.4;02
01.02.04;LOBECTOMIA PARCIAL O TOTAL POR TRAUMATISMO O EPILEPSIA.;01;;744;149.25;;2;71223.4;02
01.02.05;TRACTOTOMIA ESPINOTALAMICA, TRIGEMINAL O MESENCEFALICA.;01;;637.5;127.5;;2;65470.3;02
01.02.06;TRATAMIENTO QUIRURGICO DE LOS ANEURISMAS Y MALFORMACION;01;;797.25;159.75;;2;77068.5;02
01.02.07;EVACUACION POR PUNCION, DE COLECCION INTERCEREBRAL EPID;01;;228;45;;2;23675.1;02
01.02.08;CRANEOTOMIA EXPLORADORA, CON O SIN BIOPSIA, EVACUACION;01;;531.75;106.5;;2;53080.2;02
01.02.09;REPARACION PLASTICA DE SENOS CRANEALES Y/O MENINGES. RI;01;;531.75;106.5;;2;57301;02
01.02.10;ESCISION DE LESION TUMORAL INTRACRANEANA (NEUPLASIA BEN;01;;744;149.25;;2;73228.3;02
01.02.11;DRENAJE VENTRICULAR CONTINUO. COMO;01;;119.25;30;;1;25974.2;02
01.02.12;EXTRACCION DE TUBOS EN OPERACIONES DERIVATIVAS CRANEANA;01;;119.25;30;;1;17216;02
01.02.13;INTERVENCIONES ESTEREOTAXICAS. POR;01;;637.5;127.5;;1;58453.9;02
01.02.14;PUNCION DIAGNOSTICA O TERAPEUTICA DE VENTRICULO POR TRE;01;;119.25;30;;1;17216;02
01.02.15;PUNCION TRANSFONTANELAR DE VENTRICULOS O SUBDURAL, TERA;01;;26.25;;;;1726.97;02
01.02.16;Colocacion de set para monitoreo de presion intracranea;01;;1;;;;51.72;01
01.02.17;Cirugia de la hipertension congenita endocraneana por;01;;1;;;;1.03;01
01.03.01;REPARACION DE DEFECTOS CONGENITOS DEL COMPLEJO VERTEBRO;01;;478.5;95.25;;2;53172.2;02
01.03.02;TRATAMIENTO QUIRURGICO DE LAS LESIONES ADQUIRIDAS DEL C;01;;372.75;74.25;;2;45530.6;02
01.03.03;EXTIRPACION O LIGADURA DE ANEURISMAS O MALFORMACIONES A;01;;956.25;191.25;;2;88550.3;02
01.03.04;CORDOTOMIA ESPINOTALAMICA. CORDOTOMIA ANTEROLATERAL, MI;01;;531.75;106.5;;2;57301;02
01.03.05;RIZOTOMIA, RADICOTOMIA POSTERIOR.;01;;372.75;74.25;;2;45741.6;02
01.03.06;SECCION DE LIGAMENTOS DENTADOS.;01;;372.75;74.25;;2;45741.6;02
01.03.07;PUNCION RAQUIDEA DOBLE CON PRUEBAS MANOMETRICAS.;01;;26.25;;;;1726.97;02
01.03.08;PUNCION CISTERNAL CON O SIN MANOMETRIA.;01;;39.75;;;;2425.19;02
01.03.09;PUNCION LUMBAR CON O SIN MANOMETRIA.;01;;7;;;;369.32;02
01.03.10;Vertebroplastias;01;;1;;;;1.04;11
01.04.01;NEUROTOMIA O DESCOMPRESION RETROGASERIANA TRIGEMINAL. P;01;;531.75;106.5;;2;57301;02
01.04.02;NEUROLISIS TRANSOVAL DEL TRIGEMINO.;01;;119.25;;;;6536.93;02
01.04.03;NEUROTOMIA DEL INTERMEDIARIO, VESTIBULAR O GLOSOFARINGE;01;;531.75;106.5;;2;53344;02
01.04.04;INTERVENCIONES SOBRE NERVIOS OPTICOS.;01;;797.25;159.75;;2;72161.8;02
01.04.05;NEUROTOMIA DEL SUPRAORBITARIO, INFRAORBITARIO, DENTARIO;01;;101.25;30;;1;13330.5;02
01.04.06;NEUROTOMIA SELECTIVA DEL FACIAL O DEL GLOSOFARINGEO O N;01;;119.25;30;;1;21806.1;02
01.04.07;INJERTO Y/O ANASTOMOSIS DE NERVIO FACIAL, HIPOGLOSO, ES;01;;252.75;51;;2;32381.8;02
01.04.08;NEUROLISIS EXTRACRANEAL. ALCOHOLIZACION O SIMILAR.;01;;26.25;;;;10221.3;02
01.04.09;BLOQUEO EXTRACRANEAL ANTIALGICO.;01;;7;;;;1.05;02
01.05.01;TRATAMIENTO QUIRURGICO (EXPLORACION, NEURORRAFIA, ESCI;01;;252.75;51;;2;32645.6;02
01.05.02;TRATAMIENTO QUIRURGICO (EXPLORACION, NEURORRAFIA, ESCI;01;;303;61.5;;2;36330.7;02
01.05.03;NEURORRAFIA, INJERTO, TUBULIZACION, ESCISION DE LESION;01;;201.75;39.75;;2;28580.4;02
01.05.04;TRANSPOSICION DEL CUBITAL.;01;;119.25;30;;1;17057.7;02
01.05.05;DESCOMPRESION DEL MEDIANO A NIVEL DEL TUNEL CARPIANO (S;01;;80.25;30;;1;12244.4;02
01.05.06;ESCISION DE LESION TUMORAL DE NERVIO PERIFERICO (NEURON;01;;61.5;30;;1;14387.5;02
01.05.07;NEUROLISIS QUIRURGICA DE NERVIO PERIFERICO.;01;;39.75;30;;1;13209.8;02
01.05.08;NEUROLISIS QUIMICA O BLOQUE ANTIALGICO DE NERVIO PERIFE;01;;7;;;;1.06;02
01.06.01;SIMPATECTOMIA CERVICAL.;01;;119.25;30;;1;21753.4;02
01.06.02;SIMPATECTOMIA TORACICA.;01;;252.75;51;;2;32434.6;02
01.06.03;SIMPATECTOMIA LUMBAR (POR LUMBOTOMIA).;01;;201.75;39.75;;2;28633.2;02
01.06.04;RESECCION DE PLEXOS HIPOGASTRICOS SUPERIOR O INFERIOR.;01;;252.75;51;;2;29691.1;02
01.06.05;SIMPATECTOMIA PERIARTERIAL CAROTIDEA, HUMERAL, FEMORAL;01;;101.25;30;;1;20822.4;02
01.06.06;INYECCION PARAVERTEBRAL DE TRONCOS Y GANGLIOS SIMPATICO;01;;7;;;;369.32;02
01.06.07;Simpaticectomia por videoscopia;01;;1;;;;1.07;11
01.07.01;VENTRICULOGRAFIA POR INYECCION DE MEDIO CONTRASTE -LIQ;01;;80.25;30;;1;15093.4;02
01.07.02;PAN-ARTERIOGRAFIA CEREBRAL POR CATETERISMO. UNI;01;;119.25;30;;1;12098.3;02
01.07.03;ARTERIOGRAFIA CAROTIDEA O VERTEBRAL. (POR DISECCION O P;01;;66;;;;7528.8;02
01.07.04;NEUMOENCEFALOVENTRICULOGRAFIA FRACCIONADA (CISTERNOGRAF;01;;66;;;;7528.8;02
01.07.05;MIELOGRAFIA ASCENDENTE O DESCENDENTE. CISTERNOGRAFIA. M;01;;66;;;;5312.88;02
01.07.06;DISCOGRAFIA. NEUROGRAFIA. EPIDUROGRAFIA.;01;;39.75;;;;3902.47;02
01.07.07;Infusion intrtecal o en canal medular de citostaticos;01;;1;;;;51.72;01
01.07.08;Tratamiento endovascular de aneurismas craneales con;01;;1;;;;51.72;01
01.07.09;Tratamiento endovascular de malformaciones craneales;01;;0.01;;;;0.52;01
01.07.10;Tratamiento endovascular de tumores craneales con embo-;01;;1;;;;51.72;01
01.07.11;Ablacion de nervio craneal por radiofrecuencia;01;;1;;;;;
01.08.01;Biopsia cerebral estereotaxica;01;;1;;;;51.72;01
01.20.20;Neurocirugía: Grupo C, nro. 21;01;;9694.55;;;;2;11
